id_edu_program,id_edu_company,name_edu_program,date_start,date_end,cost,oopc,link,online_status,employment_status,ncs_code
1,15,(2023)빅데이터 분석 & 시각화 UI콘텐츠 개발,20240312,20240812,7272070,0,https://www.hrd.go.kr/hrdp/co/pcobo/PCOBO0100P.do?tracseId=AIG20233000917534&tracseTme=3&crseTracseSe=C0061&trainstCstmrId=500020058080#undefined,오프라인,구직자,20010202
2,28,(기업연계형) AI를 이용한 스마트플랫폼 개발자 양성과정,20240311,20241018,11372400,0,https://www.hrd.go.kr/hrdp/co/pcobo/PCOBO0100P.do?tracseId=AIG20230000412607&tracseTme=4&crseTracseSe=C0061&trainstCstmrId=500020054992#undefined,오프라인,구직자,20010202
3,6,(산대특)_AI플랫폼 활용 이커머스 웹서비스 개발_육성,20240311,20240802,6884800,0,https://www.hrd.go.kr/hrdp/co/pcobo/PCOBO0100P.do?tracseId=AIG20233000931929&tracseTme=4&crseTracseSe=C0061&trainstCstmrId=500020059024#undefined,오프라인,구직자,20010202
4,22,[뉴노멀 DX] 디지털 비즈니스 플랫폼 생존전략 업그레이드!,20240311,20240410,62370,21830,https://www.hrd.go.kr/hrdp/co/pcobo/PCOBO0100P.do?tracseId=ACG20243000986418&tracseTme=6&crseTracseSe=C0031&trainstCstmrId=500020021711#undefined,온라인,근로자,20020318
5,8,[백엔드] python+Django(장고) 양성 과정,20240311,20240402,794400,357480,https://www.hrd.go.kr/hrdp/co/pcobo/PCOBO0100P.do?tracseId=AIG20230000435012&tracseTme=1&crseTracseSe=C0061&trainstCstmrId=500020038816#undefined,오프라인,재직자,20010202
6,12,[상위 1% 인공지능] 수식으로 구현해보는 딥러닝 알고리즘,20240313,20240411,83600,45980,https://www.hrd.go.kr/hrdp/co/pcobo/PCOBO0100P.do?tracseId=ACG20243000974577&tracseTme=44&crseTracseSe=C0031&trainstCstmrId=500034225481#undefined,온라인,근로자,20010703
6,22,[상위 1% 인공지능] 수식으로 구현해보는 딥러닝 알고리즘,20240311,20240410,59400,29700,https://www.hrd.go.kr/hrdp/co/pcobo/PCOBO0100P.do?tracseId=ACG20233000963900&tracseTme=76&crseTracseSe=C0031&trainstCstmrId=500020021711#undefined,온라인,근로자,20010703
7,12,[상위1% 빅데이터 ] 기업이 주목하는 Hadoop 제대로 배우기,20240313,20240411,62370,34310,https://www.hrd.go.kr/hrdp/co/pcobo/PCOBO0100P.do?tracseId=ACG20233000943892&tracseTme=177&crseTracseSe=C0031&trainstCstmrId=500034225481#undefined,온라인,근로자,20010304
7,12,[상위1% 빅데이터 ] 기업이 주목하는 Hadoop 제대로 배우기,20240316,20240414,62370,34310,https://www.hrd.go.kr/hrdp/co/pcobo/PCOBO0100P.do?tracseId=ACG20233000943892&tracseTme=180&crseTracseSe=C0031&trainstCstmrId=500034225481#undefined,온라인,근로자,20010304
8,12,[상위1% 파이썬 웹] Django를 이용한 웹 애플리케이션 작성,20240316,20240414,62370,28070,https://www.hrd.go.kr/hrdp/co/pcobo/PCOBO0100P.do?tracseId=ACG20233000943867&tracseTme=180&crseTracseSe=C0031&trainstCstmrId=500034225481#undefined,온라인,근로자,20010202
8,14,[상위1% 파이썬 웹] Django를 이용한 웹 애플리케이션 작성,20240312,20240410,87780,39510,https://www.hrd.go.kr/hrdp/co/pcobo/PCOBO0100P.do?tracseId=ACG20233000937690&tracseTme=216&crseTracseSe=C0031&trainstCstmrId=500020034527#undefined,온라인,근로자,20010202
9,12,[상위1% 프로그래밍] Windows System Programming 시작을 위한 넓고 얕은 지식,20240316,20240414,71060,31980,https://www.hrd.go.kr/hrdp/co/pcobo/PCOBO0100P.do?tracseId=ACG20243000974579&tracseTme=47&crseTracseSe=C0031&trainstCstmrId=500034225481#undefined,온라인,근로자,20010202
10,23,[스마트보안] 아는 만큼 보이는 정보보안,20240313,20240412,71060,24880,https://www.hrd.go.kr/hrdp/co/pcobo/PCOBO0100P.do?tracseId=ACG20233000923004&tracseTme=123&crseTracseSe=C0031&trainstCstmrId=500020035790#undefined,온라인,근로자,20010601
11,33,[원격] 사물인터넷 IoT 지식능력검정 자격대비,20240325,20240421,62370,21830,https://www.hrd.go.kr/hrdp/co/pcobo/PCOBO0100P.do?tracseId=ACG20233000908687&tracseTme=49&crseTracseSe=C0031&trainstCstmrId=500020057841#undefined,온라인,근로자,20010101
12,23,[원패스] 네트워크관리사 2급 올인원 (필기+실기),20240318,20240417,68310,30740,https://www.hrd.go.kr/hrdp/co/pcobo/PCOBO0100P.do?tracseId=ACG20233000922429&tracseTme=126&crseTracseSe=C0031&trainstCstmrId=500020035790#undefined,온라인,근로자,20020103
13,9,[원패스] 핵심공략 정보처리기사 실기 종합반,20240311,20240410,136620,61480,https://www.hrd.go.kr/hrdp/co/pcobo/PCOBO0100P.do?tracseId=ACG20233000936094&tracseTme=143&crseTracseSe=C0031&trainstCstmrId=500020049047#undefined,온라인,근로자,20010204
14,27,[웹코딩]UIUX반응형(자바스크립트&제이쿼리)프론트엔드(퍼블리셔)개발자,20240311,20240415,198600,89370,https://www.hrd.go.kr/hrdp/co/pcobo/PCOBO0100P.do?tracseId=AIG20210000357262&tracseTme=8&crseTracseSe=C0061&trainstCstmrId=500020062235#undefined,오프라인,재직자,20010202
15,31,[입문] 블록코딩으로 나만의 귀요미 키링 만들기,20240323,20240422,99000,9900,https://www.hrd.go.kr/hrdp/co/pcobo/PCOBO0100P.do?tracseId=AIG20230000413009&tracseTme=46&crseTracseSe=C0105&trainstCstmrId=500020053385#undefined,온라인,구직자,20010103
16,22,[전사원 UP!] 빅데이터로 관통하는 4차산업의 미래,20240311,20240410,62370,21830,https://www.hrd.go.kr/hrdp/co/pcobo/PCOBO0100P.do?tracseId=ACG20233000911258&tracseTme=214&crseTracseSe=C0031&trainstCstmrId=500020021711#undefined,온라인,근로자,20010107
16,23,[전사원 UP!] 빅데이터로 관통하는 4차산업의 미래,20240313,20240412,129360,45280,https://www.hrd.go.kr/hrdp/co/pcobo/PCOBO0100P.do?tracseId=ACG20233000939602&tracseTme=77&crseTracseSe=C0031&trainstCstmrId=500020035790#undefined,온라인,근로자,20010107
16,23,[전사원 UP!] 빅데이터로 관통하는 4차산업의 미래,20240318,20240417,129360,45280,https://www.hrd.go.kr/hrdp/co/pcobo/PCOBO0100P.do?tracseId=ACG20233000939602&tracseTme=81&crseTracseSe=C0031&trainstCstmrId=500020035790#undefined,온라인,근로자,20010107
17,7,[전사원 UP!] IoT로 시작하는 디지털 융합 혁신 베이스!,20240311,20240409,123200,43120,https://www.hrd.go.kr/hrdp/co/pcobo/PCOBO0100P.do?tracseId=ACG20233000911628&tracseTme=220&crseTracseSe=C0031&trainstCstmrId=500020050628#undefined,온라인,근로자,20010106
18,26,[정보기기운용기능사] 전자계산기일반,20240318,20240412,190960,85940,https://www.hrd.go.kr/hrdp/co/pcobo/PCOBO0100P.do?tracseId=ACG20233000936958&tracseTme=31&crseTracseSe=C0031&trainstCstmrId=500020056877#undefined,온라인,근로자,20020103
19,26,[정보통신산업기사] 정보전송개론,20240318,20240412,179740,62910,https://www.hrd.go.kr/hrdp/co/pcobo/PCOBO0100P.do?tracseId=ACG20233000964218&tracseTme=16&crseTracseSe=C0031&trainstCstmrId=500020056877#undefined,온라인,근로자,20020202
20,23,[핵집] 빅데이터분석기사 실기,20240318,20240417,74250,25990,https://www.hrd.go.kr/hrdp/co/pcobo/PCOBO0100P.do?tracseId=ACG20233000956957&tracseTme=38&crseTracseSe=C0031&trainstCstmrId=500020035790#undefined,온라인,근로자,20010105
21,22,[핵집] 빅데이터분석기사 실기(개정판),20240311,20240410,74250,25990,https://www.hrd.go.kr/hrdp/co/pcobo/PCOBO0100P.do?tracseId=ACG20233000963751&tracseTme=76&crseTracseSe=C0031&trainstCstmrId=500020021711#undefined,온라인,근로자,20010105
22,9,[핵집]빅데이터 분석기사(실기),20240311,20240410,80190,28070,https://www.hrd.go.kr/hrdp/co/pcobo/PCOBO0100P.do?tracseId=ACG20233000935958&tracseTme=143&crseTracseSe=C0031&trainstCstmrId=500020049047#undefined,온라인,근로자,20010105
23,9,[핵집]빅데이터 분석기사(필기),20240311,20240410,193050,67570,https://www.hrd.go.kr/hrdp/co/pcobo/PCOBO0100P.do?tracseId=ACG20233000935964&tracseTme=143&crseTracseSe=C0031&trainstCstmrId=500020049047#undefined,온라인,근로자,20010105
24,23,[핵집]빅데이터분석기사(필기),20240318,20240517,193050,67570,https://www.hrd.go.kr/hrdp/co/pcobo/PCOBO0100P.do?tracseId=ACG20233000922329&tracseTme=129&crseTracseSe=C0031&trainstCstmrId=500020035790#undefined,온라인,근로자,20010105
25,23,"[ICT 지식 큐브] 인공지능, 보안, 네트워크, 클라우드",20240318,20240417,74250,25990,https://www.hrd.go.kr/hrdp/co/pcobo/PCOBO0100P.do?tracseId=ACG20233000922339&tracseTme=127&crseTracseSe=C0031&trainstCstmrId=500020035790#undefined,온라인,근로자,20010102
26,14,[ITⓔ코칭] Oracle로 배우는 실전 데이터관리,20240313,20240411,50490,22730,https://www.hrd.go.kr/hrdp/co/pcobo/PCOBO0100P.do?tracseId=ACG20233000950090&tracseTme=154&crseTracseSe=C0031&trainstCstmrId=500020034527#undefined,온라인,근로자,20010202
26,14,[ITⓔ코칭] Oracle로 배우는 실전 데이터관리,20240318,20240416,50490,22730,https://www.hrd.go.kr/hrdp/co/pcobo/PCOBO0100P.do?tracseId=ACG20233000950090&tracseTme=159&crseTracseSe=C0031&trainstCstmrId=500020034527#undefined,온라인,근로자,20010202
27,25,《ChatGPT》를 활용한 자바 윈도우프로그램 만들기,20240316,20240414,397200,178740,https://www.hrd.go.kr/hrdp/co/pcobo/PCOBO0100P.do?tracseId=AIG20230000422429&tracseTme=5&crseTracseSe=C0061&trainstCstmrId=500020028586#undefined,오프라인,재직자,20010202
28,32,3가지 게임 만들기로 배우는 파이썬 기초반,20240325,20240503,249000,24900,https://www.hrd.go.kr/hrdp/co/pcobo/PCOBO0100P.do?tracseId=AIG20220000409529&tracseTme=39&crseTracseSe=C0105&trainstCstmrId=500038398274#undefined,온라인,구직자,20010202
29,22,4차 산업혁명 경영학-인문학으로 보는 4차 산업혁명,20240311,20240410,50490,17680,https://www.hrd.go.kr/hrdp/co/pcobo/PCOBO0100P.do?tracseId=ACG20233000951658&tracseTme=48&crseTracseSe=C0031&trainstCstmrId=500020021711#undefined,온라인,근로자,20010102
30,30,4차 산업혁명 시대의 새로운 비즈니스 모델,20240314,20240412,50490,17680,https://www.hrd.go.kr/hrdp/co/pcobo/PCOBO0100P.do?tracseId=ACG20233000948887&tracseTme=147&crseTracseSe=C0031&trainstCstmrId=500020051943#undefined,온라인,근로자,20010102
31,7,4차산업혁명 기초기술 현장적용 가이드,20240311,20240409,167200,58520,https://www.hrd.go.kr/hrdp/co/pcobo/PCOBO0100P.do?tracseId=ACG20233000911710&tracseTme=220&crseTracseSe=C0031&trainstCstmrId=500020050628#undefined,온라인,근로자,20010102
32,23,4차산업혁명 시대-전기차와 자율차가 만드는 미래 비즈니스,20240313,20240412,50490,17680,https://www.hrd.go.kr/hrdp/co/pcobo/PCOBO0100P.do?tracseId=ACG20243000972844&tracseTme=28&crseTracseSe=C0031&trainstCstmrId=500020035790#undefined,온라인,근로자,20010102
33,23,4차산업혁명 요소기술과 디지털 트랜스포메이션,20240313,20240412,62370,21830,https://www.hrd.go.kr/hrdp/co/pcobo/PCOBO0100P.do?tracseId=ACG20233000922986&tracseTme=123&crseTracseSe=C0031&trainstCstmrId=500020035790#undefined,온라인,근로자,20010101
33,22,4차산업혁명 요소기술과 디지털 트랜스포메이션,20240311,20240410,62370,21830,https://www.hrd.go.kr/hrdp/co/pcobo/PCOBO0100P.do?tracseId=ACG20233000947360&tracseTme=56&crseTracseSe=C0031&trainstCstmrId=500020021711#undefined,온라인,근로자,20010101
33,7,4차산업혁명 요소기술과 디지털 트랜스포메이션,20240311,20240409,62370,21830,https://www.hrd.go.kr/hrdp/co/pcobo/PCOBO0100P.do?tracseId=ACG20233000909033&tracseTme=219&crseTracseSe=C0031&trainstCstmrId=500020050628#undefined,온라인,근로자,20010101
34,22,고객의 마음을 움직이는 제안전략,20240311,20240410,92070,50640,https://www.hrd.go.kr/hrdp/co/pcobo/PCOBO0100P.do?tracseId=ACG20243000986099&tracseTme=6&crseTracseSe=C0031&trainstCstmrId=500020021711#undefined,온라인,근로자,20010501
35,23,나는 처세술 대신 데이터분석을 택했다,20240318,20240417,62370,21830,https://www.hrd.go.kr/hrdp/co/pcobo/PCOBO0100P.do?tracseId=ACG20243000972951&tracseTme=32&crseTracseSe=C0031&trainstCstmrId=500020035790#undefined,온라인,근로자,20010105
36,32,나만의 첫 웹 사이트 만들기 프로젝트 기초반,20240325,20240503,249000,24900,https://www.hrd.go.kr/hrdp/co/pcobo/PCOBO0100P.do?tracseId=AIG20220000409544&tracseTme=39&crseTracseSe=C0105&trainstCstmrId=500038398274#undefined,온라인,구직자,20010202
37,22,네트워크 보안과 구축,20240312,20240411,47520,16640,https://www.hrd.go.kr/hrdp/co/pcobo/PCOBO0100P.do?tracseId=ACG20233000923961&tracseTme=151&crseTracseSe=C0031&trainstCstmrId=500020021711#undefined,온라인,근로자,20010601
38,12,다양한 산업별 실무사례와 함께 배우는 사물인터넷 기술,20240311,20240410,129360,72310,https://www.hrd.go.kr/hrdp/co/pcobo/PCOBO0100P.do?tracseId=ACG20233000935838&tracseTme=143&crseTracseSe=C0031&trainstCstmrId=500020049047#undefined,온라인,근로자,20010106
38,9,다양한 산업별 실무사례와 함께 배우는 사물인터넷 기술,20240311,20240410,129360,72310,https://www.hrd.go.kr/hrdp/co/pcobo/PCOBO0100P.do?tracseId=ACG20233000935838&tracseTme=143&crseTracseSe=C0031&trainstCstmrId=500020049047#undefined,온라인,근로자,20010106
39,22,당장 시작해야 하는 ChatGPT와 AI 스마트워크,20240311,20240410,62370,34310,https://www.hrd.go.kr/hrdp/co/pcobo/PCOBO0100P.do?tracseId=ACG20243000986106&tracseTme=6&crseTracseSe=C0031&trainstCstmrId=500020021711#undefined,온라인,근로자,20010702
40,11,데이터 분석의 첫걸음! 파이썬 기초 1,20240325,20240503,99000,9900,https://www.hrd.go.kr/hrdp/co/pcobo/PCOBO0100P.do?tracseId=AIG20230000455802&tracseTme=9&crseTracseSe=C0105&trainstCstmrId=500038398274#undefined,온라인,구직자,20010202
41,32,데이터 분석의 첫걸음! 파이썬 기초 2,20240325,20240503,99000,9900,https://www.hrd.go.kr/hrdp/co/pcobo/PCOBO0100P.do?tracseId=AIG20230000455806&tracseTme=8&crseTracseSe=C0105&trainstCstmrId=500038398274#undefined,온라인,구직자,20010202
42,22,데이터 사이언스 훈련소,20240311,20240410,86130,30150,https://www.hrd.go.kr/hrdp/co/pcobo/PCOBO0100P.do?tracseId=ACG20233000972292&tracseTme=6&crseTracseSe=C0031&trainstCstmrId=500020021711#undefined,온라인,근로자,20010107
43,32,데이터를 자유자재로! SQL 기초 1,20240325,20240503,99000,9900,https://www.hrd.go.kr/hrdp/co/pcobo/PCOBO0100P.do?tracseId=AIG20230000455814&tracseTme=8&crseTracseSe=C0105&trainstCstmrId=500038398274#undefined,온라인,구직자,20010204
44,14,"데이터의 힘, 보건·의료 빅데이터",20240313,20240411,47520,16640,https://www.hrd.go.kr/hrdp/co/pcobo/PCOBO0100P.do?tracseId=ACG20233000965006&tracseTme=105&crseTracseSe=C0031&trainstCstmrId=500020034527#undefined,온라인,근로자,20010105
44,22,"데이터의 힘, 보건·의료 빅데이터",20240311,20240410,47520,16640,https://www.hrd.go.kr/hrdp/co/pcobo/PCOBO0100P.do?tracseId=ACG20233000917046&tracseTme=217&crseTracseSe=C0031&trainstCstmrId=500020021711#undefined,온라인,근로자,20010105
45,31,돈이 되는 디지털자산(NFT) 만들기,20240323,20240422,270000,27000,https://www.hrd.go.kr/hrdp/co/pcobo/PCOBO0100P.do?tracseId=AIG20230000413006&tracseTme=51&crseTracseSe=C0105&trainstCstmrId=500020053385#undefined,온라인,근로자,20010103
46,22,드론 기초기술 현장적용 가이드,20240311,20240410,62370,21830,https://www.hrd.go.kr/hrdp/co/pcobo/PCOBO0100P.do?tracseId=ACG20243000973183&tracseTme=6&crseTracseSe=C0031&trainstCstmrId=500020021711#undefined,온라인,근로자,20010102
47,17,"디자인(시각, 웹, 영상)서비스를 위한(일러스트레이터)",20240316,20240406,158880,55610,https://www.hrd.go.kr/hrdp/co/pcobo/PCOBO0100P.do?tracseId=AIG20220000389864&tracseTme=5&crseTracseSe=C0061&trainstCstmrId=500020024148#undefined,오프라인,재직자,20020318
48,14,"디지털 트랜스포메이션의 핵심 인공지능, 쉽게 이해하기",20240313,20240411,190960,105030,https://www.hrd.go.kr/hrdp/co/pcobo/PCOBO0100P.do?tracseId=ACG20233000928444&tracseTme=247&crseTracseSe=C0031&trainstCstmrId=500020034527#undefined,온라인,근로자,20010702
48,7,"디지털 트랜스포메이션의 핵심 인공지능, 쉽게 이해하기",20240311,20240409,129580,71270,https://www.hrd.go.kr/hrdp/co/pcobo/PCOBO0100P.do?tracseId=ACG20233000905395&tracseTme=229&crseTracseSe=C0031&trainstCstmrId=500020050628#undefined,온라인,근로자,20010702
48,22,"디지털 트랜스포메이션의 핵심 인공지능, 쉽게 이해하기",20240311,20240410,190960,105030,https://www.hrd.go.kr/hrdp/co/pcobo/PCOBO0100P.do?tracseId=ACG20233000958034&tracseTme=39&trainstCstmrId=500020021711&crseTracseSe=C0031&pageId=#undefined,온라인,근로자,20010702
48,22,"디지털 트랜스포메이션의 핵심 인공지능, 쉽게 이해하기",20240311,20240410,190960,105030,https://www.hrd.go.kr/hrdp/co/pcobo/PCOBO0100P.do?tracseId=ACG20233000958034&tracseTme=39&crseTracseSe=C0031&trainstCstmrId=500020021711#undefined,온라인,근로자,20010702
49,22,디지털 혁명과 휴먼케어,20240311,20240410,62370,34310,https://www.hrd.go.kr/hrdp/co/pcobo/PCOBO0100P.do?tracseId=ACG20233000937576&tracseTme=139&crseTracseSe=C0031&trainstCstmrId=500020021711#undefined,온라인,근로자,20010702
50,7,"디지털 혁명을 일으켜라, 사물인터넷이 바꾸는 세상과 미래",20240311,20240409,87780,30730,https://www.hrd.go.kr/hrdp/co/pcobo/PCOBO0100P.do?tracseId=ACG20233000905394&tracseTme=229&crseTracseSe=C0031&trainstCstmrId=500020050628#undefined,온라인,근로자,20010106
51,14,디지털융합시대를 향한 필수 선택! UPGRADE-BLOCKCHAIN,20240313,20240411,87780,48280,https://www.hrd.go.kr/hrdp/co/pcobo/PCOBO0100P.do?tracseId=ACG20233000921188&tracseTme=294&crseTracseSe=C0031&trainstCstmrId=500020034527#undefined,온라인,근로자,20010802
52,22,디지털자산 NFT,20240311,20240410,62370,34310,https://www.hrd.go.kr/hrdp/co/pcobo/PCOBO0100P.do?tracseId=ACG20233000937577&tracseTme=139&crseTracseSe=C0031&trainstCstmrId=500020021711#undefined,온라인,근로자,20010802
53,14,랜섬웨어 예방 및 사이버 보안의 첫 걸음 - 전사원을 교육하라,20240313,20240411,50490,17680,https://www.hrd.go.kr/hrdp/co/pcobo/PCOBO0100P.do?tracseId=ACG20243000986111&tracseTme=7&crseTracseSe=C0031&trainstCstmrId=500020034527#undefined,온라인,근로자,20010601
54,22,랜섬웨어 예방 및 사이버 보안의 첫 걸음-전사원을 교육하라!,20240311,20240410,50490,17680,https://www.hrd.go.kr/hrdp/co/pcobo/PCOBO0100P.do?tracseId=ACG20233000937566&tracseTme=137&crseTracseSe=C0031&trainstCstmrId=500020021711#undefined,온라인,근로자,20010601
54,12,랜섬웨어 예방 및 사이버 보안의 첫 걸음-전사원을 교육하라!,20240316,20240414,50490,17680,https://www.hrd.go.kr/hrdp/co/pcobo/PCOBO0100P.do?tracseId=ACG20233000919322&tracseTme=296&crseTracseSe=C0031&trainstCstmrId=500034225481#undefined,온라인,근로자,20010601
55,14,머신러닝의 이해와 실습,20240312,20240410,148000,107460,https://www.hrd.go.kr/hrdp/co/pcobo/PCOBO0100P.do?tracseId=ACG20233000921847&tracseTme=274&crseTracseSe=C0031&trainstCstmrId=500020034527#undefined,온라인,근로자,20010105
56,20,멀티잇 백엔드 개발(Java),20240311,20240726,14338500,0,https://www.hrd.go.kr/hrdp/co/pcobo/PCOBO0100P.do?tracseId=AIG20220000409326&tracseTme=24&crseTracseSe=C0061&trainstCstmrId=500020039927#undefined,오프라인,구직자,20010202
57,10,멋쟁이사자처럼 백엔드 스쿨,20240311,20240906,16698000,0,https://www.hrd.go.kr/hrdp/co/pcobo/PCOBO0100P.do?tracseId=AIG20220000366838&tracseTme=7&crseTracseSe=C0061&trainstCstmrId=500037933544#undefined,오프라인,구직자,20010202
58,22,메타버스 레시피,20240311,20240410,62370,21830,https://www.hrd.go.kr/hrdp/co/pcobo/PCOBO0100P.do?tracseId=ACG20233000937639&tracseTme=139&crseTracseSe=C0031&trainstCstmrId=500020021711#undefined,온라인,근로자,20010102
59,12,메타버스 쉽게 이해하고 바로 활용하기,20240316,20240414,56430,19760,https://www.hrd.go.kr/hrdp/co/pcobo/PCOBO0100P.do?tracseId=ACG20233000943752&tracseTme=180&crseTracseSe=C0031&trainstCstmrId=500034225481#undefined,온라인,근로자,20010103
59,23,메타버스 쉽게 이해하고 바로 활용하기,20240318,20240417,56430,19760,https://www.hrd.go.kr/hrdp/co/pcobo/PCOBO0100P.do?tracseId=ACG20243000972830&tracseTme=32&crseTracseSe=C0031&trainstCstmrId=500020035790#undefined,온라인,근로자,20010103
60,22,메타버스가 여는 새로운 세상,20240311,20240410,59400,20790,https://www.hrd.go.kr/hrdp/co/pcobo/PCOBO0100P.do?tracseId=ACG20233000947377&tracseTme=56&crseTracseSe=C0031&trainstCstmrId=500020021711#undefined,온라인,근로자,20010103
61,14,모던 웹 개발을 위한 JAVA9 프로그래밍,20240312,20240410,62370,28070,https://www.hrd.go.kr/hrdp/co/pcobo/PCOBO0100P.do?tracseId=ACG20243000983110&tracseTme=9&crseTracseSe=C0031&trainstCstmrId=500020034527#undefined,온라인,근로자,20010202
61,12,모던 웹 개발을 위한 JAVA9 프로그래밍,20240316,20240414,62370,28070,https://www.hrd.go.kr/hrdp/co/pcobo/PCOBO0100P.do?tracseId=ACG20233000935315&tracseTme=180&crseTracseSe=C0031&trainstCstmrId=500034225481#undefined,온라인,근로자,20010202
62,22,"미래 인재로의 도약, 스마트기술 기반 다지기",20240311,20240410,50490,17680,https://www.hrd.go.kr/hrdp/co/pcobo/PCOBO0100P.do?tracseId=ACG20243000972882&tracseTme=45&crseTracseSe=C0031&trainstCstmrId=500020021711#undefined,온라인,근로자,20010102
63,22,미래의 예측! 빅데이터 활용과 한 눈에 보는 인포그래픽,20240311,20240410,62370,21830,https://www.hrd.go.kr/hrdp/co/pcobo/PCOBO0100P.do?tracseId=ACG20233000947403&tracseTme=53&crseTracseSe=C0031&trainstCstmrId=500020021711#undefined,온라인,근로자,20010105
64,12,보통 직장인을 위한 데이터 리터러시,20240316,20240414,62370,21830,https://www.hrd.go.kr/hrdp/co/pcobo/PCOBO0100P.do?tracseId=ACG20233000943865&tracseTme=180&crseTracseSe=C0031&trainstCstmrId=500034225481#undefined,온라인,근로자,20010107
65,12,보통 직장인을 위한 데이터 분석,20240313,20240411,56430,19760,https://www.hrd.go.kr/hrdp/co/pcobo/PCOBO0100P.do?tracseId=ACG20233000939829&tracseTme=177&crseTracseSe=C0031&trainstCstmrId=500034225481#undefined,온라인,근로자,20010107
65,14,보통 직장인을 위한 데이터 분석,20240313,20240411,79420,27800,https://www.hrd.go.kr/hrdp/co/pcobo/PCOBO0100P.do?tracseId=ACG20233000964259&tracseTme=79&crseTracseSe=C0031&trainstCstmrId=500020034527#undefined,온라인,근로자,20010107
65,7,보통 직장인을 위한 데이터 분석,20240311,20240409,79420,27800,https://www.hrd.go.kr/hrdp/co/pcobo/PCOBO0100P.do?tracseId=ACG20233000905342&tracseTme=230&crseTracseSe=C0031&trainstCstmrId=500020050628#undefined,온라인,근로자,20010107
65,12,보통 직장인을 위한 데이터 분석,20240316,20240414,56430,19760,https://www.hrd.go.kr/hrdp/co/pcobo/PCOBO0100P.do?tracseId=ACG20233000939829&tracseTme=180&crseTracseSe=C0031&trainstCstmrId=500034225481#undefined,온라인,근로자,20010107
66,14,보통 직장인을 위한 데이터 활용,20240312,20240410,79420,27800,https://www.hrd.go.kr/hrdp/co/pcobo/PCOBO0100P.do?tracseId=ACG20233000964258&tracseTme=78&crseTracseSe=C0031&trainstCstmrId=500020034527#undefined,온라인,근로자,20010107
66,14,보통 직장인을 위한 데이터 활용,20240318,20240416,79420,27800,https://www.hrd.go.kr/hrdp/co/pcobo/PCOBO0100P.do?tracseId=ACG20233000964258&tracseTme=84&crseTracseSe=C0031&trainstCstmrId=500020034527#undefined,온라인,근로자,20010107
66,7,보통 직장인을 위한 데이터 활용,20240311,20240409,79420,27800,https://www.hrd.go.kr/hrdp/co/pcobo/PCOBO0100P.do?tracseId=ACG20233000905341&tracseTme=230&crseTracseSe=C0031&trainstCstmrId=500020050628#undefined,온라인,근로자,20010107
66,12,보통 직장인을 위한 데이터 활용,20240316,20240414,56430,19760,https://www.hrd.go.kr/hrdp/co/pcobo/PCOBO0100P.do?tracseId=ACG20233000972249&tracseTme=47&crseTracseSe=C0031&trainstCstmrId=500034225481#undefined,온라인,근로자,20010107
67,22,블록체인과 핀테크,20240311,20240410,62370,34310,https://www.hrd.go.kr/hrdp/co/pcobo/PCOBO0100P.do?tracseId=ACG20233000937628&tracseTme=139&crseTracseSe=C0031&trainstCstmrId=500020021711#undefined,온라인,근로자,20010803
68,22,블록체인을 통한 Business Insight,20240311,20240410,79420,43690,https://www.hrd.go.kr/hrdp/co/pcobo/PCOBO0100P.do?tracseId=ACG20233000958000&tracseTme=39&crseTracseSe=C0031&trainstCstmrId=500020021711#undefined,온라인,근로자,20010802
69,12,비전공자도 쉽게 배우는 앱개발 종합반,20240316,20240414,68310,30740,https://www.hrd.go.kr/hrdp/co/pcobo/PCOBO0100P.do?tracseId=ACG20233000943671&tracseTme=180&crseTracseSe=C0031&trainstCstmrId=500034225481#undefined,온라인,근로자,20010202
70,12,비전공자도 쉽게 배우는 웹개발 종합반,20240313,20240411,65340,29410,https://www.hrd.go.kr/hrdp/co/pcobo/PCOBO0100P.do?tracseId=ACG20233000943662&tracseTme=177&crseTracseSe=C0031&trainstCstmrId=500034225481#undefined,온라인,근로자,20010202
70,12,비전공자도 쉽게 배우는 웹개발 종합반,20240316,20240414,65340,29410,https://www.hrd.go.kr/hrdp/co/pcobo/PCOBO0100P.do?tracseId=ACG20233000943662&tracseTme=180&crseTracseSe=C0031&trainstCstmrId=500034225481#undefined,온라인,근로자,20010202
71,22,비전공자도 쉽게 하는 Python 입문,20240311,20240410,50490,22730,https://www.hrd.go.kr/hrdp/co/pcobo/PCOBO0100P.do?tracseId=ACG20233000923930&tracseTme=150&crseTracseSe=C0031&trainstCstmrId=500020021711#undefined,온라인,근로자,20010202
72,23,"비전공자를 위한 IT 부트캠프, IT의 정석",20240313,20240412,47520,16640,https://www.hrd.go.kr/hrdp/co/pcobo/PCOBO0100P.do?tracseId=ACG20233000972530&tracseTme=28&crseTracseSe=C0031&trainstCstmrId=500020035790#undefined,온라인,근로자,20010102
72,22,"비전공자를 위한 IT 부트캠프, IT의 정석",20240311,20240410,47520,16640,https://www.hrd.go.kr/hrdp/co/pcobo/PCOBO0100P.do?tracseId=ACG20233000963742&tracseTme=76&crseTracseSe=C0031&trainstCstmrId=500020021711#undefined,온라인,근로자,20010102
72,23,"비전공자를 위한 IT 부트캠프, IT의 정석",20240318,20240417,47520,16640,https://www.hrd.go.kr/hrdp/co/pcobo/PCOBO0100P.do?tracseId=ACG20233000972530&tracseTme=32&crseTracseSe=C0031&trainstCstmrId=500020035790#undefined,온라인,근로자,20010102
73,32,비전공자를 위한 R 데이터 분석 기초 프로젝트,20240325,20240503,347000,34700,https://www.hrd.go.kr/hrdp/co/pcobo/PCOBO0100P.do?tracseId=AIG20220000409541&tracseTme=31&crseTracseSe=C0105&trainstCstmrId=500038398274#undefined,온라인,구직자,20010304
74,10,비즈니스에 바로 적용하는 메타버스 사용설명서,20240318,20240417,117040,40970,https://www.hrd.go.kr/hrdp/co/pcobo/PCOBO0100P.do?tracseId=ACG20233000942373&tracseTme=120&crseTracseSe=C0031&trainstCstmrId=500020020721#undefined,온라인,근로자,20010103
75,14,빅데이터의 개념이해와 분석역량강화,20240313,20240411,59400,20790,https://www.hrd.go.kr/hrdp/co/pcobo/PCOBO0100P.do?tracseId=ACG20233000964991&tracseTme=105&crseTracseSe=C0031&trainstCstmrId=500020034527#undefined,온라인,근로자,20010105
75,12,빅데이터의 개념이해와 분석역량강화,20240313,20240411,59400,20790,https://www.hrd.go.kr/hrdp/co/pcobo/PCOBO0100P.do?tracseId=ACG20233000963127&tracseTme=44&crseTracseSe=C0031&trainstCstmrId=500034225481#undefined,온라인,근로자,20010105
75,14,빅데이터의 개념이해와 분석역량강화,20240318,20240416,59400,20790,https://www.hrd.go.kr/hrdp/co/pcobo/PCOBO0100P.do?tracseId=ACG20233000964991&tracseTme=110&crseTracseSe=C0031&trainstCstmrId=500020034527#undefined,온라인,근로자,20010105
76,22,빠르고 쉽게 배우는 파이썬을 이용한 인공지능,20240311,20240410,129360,71150,https://www.hrd.go.kr/hrdp/co/pcobo/PCOBO0100P.do?tracseId=ACG20233000912503&tracseTme=214&crseTracseSe=C0031&trainstCstmrId=500020021711#undefined,온라인,근로자,20010702
77,22,사물인터넷과 산업의 변화,20240311,20240410,62370,21830,https://www.hrd.go.kr/hrdp/co/pcobo/PCOBO0100P.do?tracseId=ACG20233000937641&tracseTme=139&crseTracseSe=C0031&trainstCstmrId=500020021711#undefined,온라인,근로자,20010106
78,7,스마트워크 시대! ON 정보 보호 가이드,20240311,20240409,129580,45360,https://www.hrd.go.kr/hrdp/co/pcobo/PCOBO0100P.do?tracseId=ACG20233000905340&tracseTme=230&crseTracseSe=C0031&trainstCstmrId=500020050628#undefined,온라인,근로자,20010601
79,22,스마트제조 레시피,20240311,20240410,71060,39090,https://www.hrd.go.kr/hrdp/co/pcobo/PCOBO0100P.do?tracseId=ACG20233000894880&tracseTme=212&crseTracseSe=C0031&trainstCstmrId=500020021711#undefined,온라인,근로자,20010701
80,22,아는 만큼 보이는 정보보안,20240311,20240410,50490,17680,https://www.hrd.go.kr/hrdp/co/pcobo/PCOBO0100P.do?tracseId=ACG20233000951268&tracseTme=56&crseTracseSe=C0031&trainstCstmrId=500020021711#undefined,온라인,근로자,20010601
81,23,알아두면 쓸모 있는 신비한 사이버보안,20240318,20240417,62370,21830,https://www.hrd.go.kr/hrdp/co/pcobo/PCOBO0100P.do?tracseId=ACG20233000958363&tracseTme=50&crseTracseSe=C0031&trainstCstmrId=500020035790#undefined,온라인,근로자,20010601
82,22,업무 능률을 높이는 데이터 분석,20240311,20240410,62370,28070,https://www.hrd.go.kr/hrdp/co/pcobo/PCOBO0100P.do?tracseId=ACG20233000937565&tracseTme=137&crseTracseSe=C0031&trainstCstmrId=500020021711#undefined,온라인,근로자,20010202
82,10,업무 능률을 높이는 데이터 분석,20240318,20240417,70000,35700,https://www.hrd.go.kr/hrdp/co/pcobo/PCOBO0100P.do?tracseId=ACG20233000927297&tracseTme=181&crseTracseSe=C0031&trainstCstmrId=500020020721#undefined,온라인,근로자,20010202
83,19,엘라스틱서치를 활용한 빅데이터-자바(Java) 융합개발 인재양성,20240311,20240925,10291320,0,https://www.hrd.go.kr/hrdp/co/pcobo/PCOBO0100P.do?tracseId=AIG20230000412797&tracseTme=5&crseTracseSe=C0061&trainstCstmrId=500020028504#undefined,오프라인,구직자,20010105
84,22,온택트시대의 스마트한 일잘러되기,20240311,20240410,47520,26140,https://www.hrd.go.kr/hrdp/co/pcobo/PCOBO0100P.do?tracseId=ACG20233000951267&tracseTme=56&crseTracseSe=C0031&trainstCstmrId=500020021711#undefined,온라인,근로자,20010401
85,31,와우패스! 빅데이터분석기사 필기+실기 합격반,20240323,20240522,213180,74620,https://www.hrd.go.kr/hrdp/co/pcobo/PCOBO0100P.do?tracseId=ACG20233000938077&tracseTme=30&crseTracseSe=C0031&trainstCstmrId=500020053385#undefined,온라인,근로자,20010105
86,22,완판을 부르는 라이브커머스 성공전략,20240311,20240410,100980,55540,https://www.hrd.go.kr/hrdp/co/pcobo/PCOBO0100P.do?tracseId=ACG20243000977363&tracseTme=26&crseTracseSe=C0031&trainstCstmrId=500020021711#undefined,온라인,근로자,20030306
87,29,"웹퍼블리셔(자바스크립트,제이쿼리)마스터 과정-2",20240311,20240403,198600,89370,https://www.hrd.go.kr/hrdp/co/pcobo/PCOBO0100P.do?tracseId=AIG20220000373194&tracseTme=1&crseTracseSe=C0061&trainstCstmrId=500020046871#undefined,오프라인,재직자,20010202
88,7,인공지능 기술과 산업별 실무적용 기법,20240311,20240409,87780,30730,https://www.hrd.go.kr/hrdp/co/pcobo/PCOBO0100P.do?tracseId=ACG20233000905303&tracseTme=230&crseTracseSe=C0031&trainstCstmrId=500020050628#undefined,온라인,근로자,20010105
88,9,인공지능 기술과 산업별 실무적용 기법,20240311,20240410,129360,72310,https://www.hrd.go.kr/hrdp/co/pcobo/PCOBO0100P.do?tracseId=ACG20233000935616&tracseTme=143&crseTracseSe=C0031&trainstCstmrId=500020049047#undefined,온라인,근로자,20010105
89,22,인공지능 기초기술 현장적용 가이드,20240311,20240410,62370,34310,https://www.hrd.go.kr/hrdp/co/pcobo/PCOBO0100P.do?tracseId=ACG20243000973182&tracseTme=6&crseTracseSe=C0031&trainstCstmrId=500020021711#undefined,온라인,근로자,20010703
90,9,인공지능 레시피,20240311,20240410,87780,59720,https://www.hrd.go.kr/hrdp/co/pcobo/PCOBO0100P.do?tracseId=ACG20233000936051&tracseTme=143&crseTracseSe=C0031&trainstCstmrId=500020049047#undefined,온라인,근로자,20010701
91,22,인공지능(AI)이 주도하는 4차 산업혁명 시대,20240311,20240410,62370,34310,https://www.hrd.go.kr/hrdp/co/pcobo/PCOBO0100P.do?tracseId=ACG20233000923819&tracseTme=151&crseTracseSe=C0031&trainstCstmrId=500020021711#undefined,온라인,근로자,20010702
91,7,인공지능(AI)이 주도하는 4차 산업혁명 시대,20240312,20240410,87780,48280,https://www.hrd.go.kr/hrdp/co/pcobo/PCOBO0100P.do?tracseId=ACG20233000911654&tracseTme=221&crseTracseSe=C0031&trainstCstmrId=500020050628#undefined,온라인,근로자,20010702
92,22,일잘러를 위한 IT 프로젝트,20240311,20240409,71060,39090,https://www.hrd.go.kr/hrdp/co/pcobo/PCOBO0100P.do?tracseId=ACG20233000930230&tracseTme=159&crseTracseSe=C0031&trainstCstmrId=500020050628#undefined,온라인,근로자,20010401
92,7,일잘러를 위한 IT 프로젝트,20240311,20240409,71060,39090,https://www.hrd.go.kr/hrdp/co/pcobo/PCOBO0100P.do?tracseId=ACG20233000930230&tracseTme=159&crseTracseSe=C0031&trainstCstmrId=500020050628#undefined,온라인,근로자,20010401
93,25,자바(JAVA) 웹개발(백앤드)&앱개발자(클라우드활용) 취업캠프,20240311,20240925,10235160,0,https://www.hrd.go.kr/hrdp/co/pcobo/PCOBO0100P.do?tracseId=AIG20210000328828&tracseTme=10&crseTracseSe=C0061&trainstCstmrId=500020028586#undefined,오프라인,구직자,20010202
94,25,자바(JAVA)프로그래밍 입문,20240316,20240414,397200,178740,https://www.hrd.go.kr/hrdp/co/pcobo/PCOBO0100P.do?tracseId=AIG20220000388049&tracseTme=2&crseTracseSe=C0061&trainstCstmrId=500020028586#undefined,오프라인,재직자,20010202
95,25,자바(JAVA)프로그래밍 입문+챗GPT,20240311,20240415,397200,178740,https://www.hrd.go.kr/hrdp/co/pcobo/PCOBO0100P.do?tracseId=AIG20230000436112&tracseTme=1&crseTracseSe=C0061&trainstCstmrId=500020018050#undefined,오프라인,재직자,20010202
96,13,자바&파이썬 빅데이터 플랫폼 웹서비스 개발자,20240311,20240829,9147840,0,https://www.hrd.go.kr/hrdp/co/pcobo/PCOBO0100P.do?tracseId=AIG20230000412601&tracseTme=3&crseTracseSe=C0061&trainstCstmrId=500020038200#undefined,오프라인,구직자,20010105
97,1,"자바기반 웹,앱개발자 양성",20240311,20240620,1853600,834120,https://www.hrd.go.kr/hrdp/co/pcobo/PCOBO0100P.do?tracseId=AIG20230000441027&tracseTme=1&crseTracseSe=C0061&trainstCstmrId=500042646362#undefined,오프라인,구직자,20010202
98,3,"자바스크립트(프런트엔드, 백엔드)웹프로그래밍",20240311,20240330,397200,178740,https://www.hrd.go.kr/hrdp/co/pcobo/PCOBO0100P.do?tracseId=AIG20220000397144&tracseTme=1&crseTracseSe=C0061&trainstCstmrId=500020019063#undefined,오프라인,재직자,20010202
99,14,자주 이기는 일잘러의 제안 스킬,20240313,20240411,75240,41390,https://www.hrd.go.kr/hrdp/co/pcobo/PCOBO0100P.do?tracseId=ACG20233000928304&tracseTme=247&crseTracseSe=C0031&trainstCstmrId=500020034527#undefined,온라인,근로자,20010501
99,14,자주 이기는 일잘러의 제안 스킬,20240318,20240416,75240,41390,https://www.hrd.go.kr/hrdp/co/pcobo/PCOBO0100P.do?tracseId=ACG20233000928304&tracseTme=252&crseTracseSe=C0031&trainstCstmrId=500020034527#undefined,온라인,근로자,20010501
100,22,전 사원이 알아야 할 빅데이터,20240311,20240410,47520,16640,https://www.hrd.go.kr/hrdp/co/pcobo/PCOBO0100P.do?tracseId=ACG20243000973121&tracseTme=6&crseTracseSe=C0031&trainstCstmrId=500020021711#undefined,온라인,근로자,20010105
101,12,전사원이 알아야 할 랜섬웨어와 악성코드 예방법,20240312,20240410,62370,21830,https://www.hrd.go.kr/hrdp/co/pcobo/PCOBO0100P.do?tracseId=ACG20233000919465&tracseTme=291&crseTracseSe=C0031&trainstCstmrId=500034225481#undefined,온라인,근로자,20010601
101,14,전사원이 알아야 할 랜섬웨어와 악성코드 예방법,20240318,20240416,87780,30730,https://www.hrd.go.kr/hrdp/co/pcobo/PCOBO0100P.do?tracseId=ACG20233000921827&tracseTme=280&crseTracseSe=C0031&trainstCstmrId=500020034527#undefined,온라인,근로자,20010601
101,22,전사원이 알아야 할 랜섬웨어와 악성코드 예방법,20240311,20240410,62370,21830,https://www.hrd.go.kr/hrdp/co/pcobo/PCOBO0100P.do?tracseId=ACG20233000948697&tracseTme=101&crseTracseSe=C0031&trainstCstmrId=500020021711#undefined,온라인,근로자,20010601
102,23,전사원이 학습하는 사물인터넷과 4차산업의 미래,20240318,20240417,87780,30730,https://www.hrd.go.kr/hrdp/co/pcobo/PCOBO0100P.do?tracseId=ACG20243000972895&tracseTme=31&crseTracseSe=C0031&trainstCstmrId=500020035790#undefined,온라인,근로자,20010106
103,22,챗GPT가 바꾸는 비즈니스의 미래,20240311,20240410,92070,50640,https://www.hrd.go.kr/hrdp/co/pcobo/PCOBO0100P.do?tracseId=ACG20243000986105&tracseTme=6&crseTracseSe=C0031&trainstCstmrId=500020021711#undefined,온라인,근로자,20010702
103,12,챗GPT가 바꾸는 비즈니스의 미래,20240316,20240414,129580,71270,https://www.hrd.go.kr/hrdp/co/pcobo/PCOBO0100P.do?tracseId=ACG20233000963956&tracseTme=93&crseTracseSe=C0031&trainstCstmrId=500034225481#undefined,온라인,근로자,20010702
104,14,친절한 파이썬 스쿨,20240318,20240416,65340,29410,https://www.hrd.go.kr/hrdp/co/pcobo/PCOBO0100P.do?tracseId=ACG20233000965336&tracseTme=110&crseTracseSe=C0031&trainstCstmrId=500020034527#undefined,온라인,근로자,20010202
105,6,클라우드 활용 O2O 서비스 플랫폼 웹&앱 개발,20240315,20240821,8150220,0,https://www.hrd.go.kr/hrdp/co/pcobo/PCOBO0100P.do?tracseId=AIG20230000412798&tracseTme=4&crseTracseSe=C0061&trainstCstmrId=500020059024#undefined,오프라인,구직자,20010202
106,16,클라우드를 활용한 빅데이터 처리 및 딥러닝 엔지니어 양성과정,20240311,20240828,9097920,0,https://www.hrd.go.kr/hrdp/co/pcobo/PCOBO0100P.do?tracseId=AIG20230000412709&tracseTme=2&crseTracseSe=C0061&trainstCstmrId=500039029321#undefined,오프라인,구직자,20010202
107,14,탈중앙화 글로벌 금융 네트워크(비트코인)의 이해,20240313,20240411,100980,35350,https://www.hrd.go.kr/hrdp/co/pcobo/PCOBO0100P.do?tracseId=ACG20243000975414&tracseTme=56&crseTracseSe=C0031&trainstCstmrId=500020034527#undefined,온라인,근로자,20010108
107,14,탈중앙화 글로벌 금융 네트워크(비트코인)의 이해,20240318,20240416,100980,35350,https://www.hrd.go.kr/hrdp/co/pcobo/PCOBO0100P.do?tracseId=ACG20243000975414&tracseTme=61&crseTracseSe=C0031&trainstCstmrId=500020034527#undefined,온라인,근로자,20010108
108,10,테킷 백엔드/파이썬 온보딩 트랙,20240319,20240429,321860,32190,https://www.hrd.go.kr/hrdp/co/pcobo/PCOBO0100P.do?tracseId=AIG20230000412936&tracseTme=25&crseTracseSe=C0105&trainstCstmrId=500037933544#undefined,온라인,구직자,20010202
109,10,테킷 블록체인 온보딩 트랙,20240319,20240429,490000,49000,https://www.hrd.go.kr/hrdp/co/pcobo/PCOBO0100P.do?tracseId=AIG20230000412939&tracseTme=19&crseTracseSe=C0105&trainstCstmrId=500037933544#undefined,온라인,구직자,20010803
110,18,파이썬(Python) 프로그래밍 입문,20240316,20240511,331000,148950,https://www.hrd.go.kr/hrdp/co/pcobo/PCOBO0100P.do?tracseId=AIG20230000447406&tracseTme=2&crseTracseSe=C0061&trainstCstmrId=500020038542#undefined,오프라인,구직자,20010202
111,25,파이썬(Python)프로그래밍 입문,20240316,20240413,357480,160870,https://www.hrd.go.kr/hrdp/co/pcobo/PCOBO0100P.do?tracseId=AIG20220000388085&tracseTme=10&crseTracseSe=C0061&trainstCstmrId=500020028586#undefined,오프라인,재직자,20010202
112,23,파이썬으로 만드는 업무매크로 활용법,20240313,20240412,62370,28070,https://www.hrd.go.kr/hrdp/co/pcobo/PCOBO0100P.do?tracseId=ACG20233000957000&tracseTme=46&crseTracseSe=C0031&trainstCstmrId=500020035790#undefined,온라인,근로자,20010202
112,23,파이썬으로 만드는 업무매크로 활용법,20240318,20240417,62370,28070,https://www.hrd.go.kr/hrdp/co/pcobo/PCOBO0100P.do?tracseId=ACG20233000957000&tracseTme=49&crseTracseSe=C0031&trainstCstmrId=500020035790#undefined,온라인,근로자,20010202
113,14,파이썬을 이용한 자동화 스크립트,20240312,20240410,77220,34750,https://www.hrd.go.kr/hrdp/co/pcobo/PCOBO0100P.do?tracseId=ACG20233000915748&tracseTme=310&crseTracseSe=C0031&trainstCstmrId=500020034527#undefined,온라인,근로자,20010202
113,12,파이썬을 이용한 자동화 스크립트,20240313,20240411,77220,34750,https://www.hrd.go.kr/hrdp/co/pcobo/PCOBO0100P.do?tracseId=ACG20233000943610&tracseTme=177&crseTracseSe=C0031&trainstCstmrId=500034225481#undefined,온라인,근로자,20010202
113,14,파이썬을 이용한 자동화 스크립트,20240318,20240416,77220,34750,https://www.hrd.go.kr/hrdp/co/pcobo/PCOBO0100P.do?tracseId=ACG20233000915748&tracseTme=316&crseTracseSe=C0031&trainstCstmrId=500020034527#undefined,온라인,근로자,20010202
114,2,파이썬을 통한 공공데이터 활용과 데이터 분석,20240318,20240416,217500,21750,https://www.hrd.go.kr/hrdp/co/pcobo/PCOBO0100P.do?tracseId=AIG20220000409533&tracseTme=82&crseTracseSe=C0105&trainstCstmrId=500020046229#undefined,온라인,구직자,20010202
115,5,패스트캠퍼스 UXUI 디자인 부트캠프,20240311,20240927,15972000,0,https://www.hrd.go.kr/hrdp/co/pcobo/PCOBO0100P.do?tracseId=AIG20230000455753&tracseTme=2&crseTracseSe=C0061&trainstCstmrId=500033945638#undefined,오프라인,구직자,20010207
116,22,평범한 회사와 직장인을 위한 정보 보안 기본서,20240311,20240410,92070,32230,https://www.hrd.go.kr/hrdp/co/pcobo/PCOBO0100P.do?tracseId=ACG20243000973168&tracseTme=6&crseTracseSe=C0031&trainstCstmrId=500020021711#undefined,온라인,근로자,20010601
116,14,평범한 회사와 직장인을 위한 정보 보안 기본서,20240312,20240410,92070,32230,https://www.hrd.go.kr/hrdp/co/pcobo/PCOBO0100P.do?tracseId=ACG20233000910882&tracseTme=342&crseTracseSe=C0031&trainstCstmrId=500020034527#undefined,온라인,근로자,20010601
116,14,평범한 회사와 직장인을 위한 정보 보안 기본서,20240318,20240416,92070,32230,https://www.hrd.go.kr/hrdp/co/pcobo/PCOBO0100P.do?tracseId=ACG20233000910882&tracseTme=348&crseTracseSe=C0031&trainstCstmrId=500020034527#undefined,온라인,근로자,20010601
116,7,평범한 회사와 직장인을 위한 정보 보안 기본서,20240311,20240409,129580,45360,https://www.hrd.go.kr/hrdp/co/pcobo/PCOBO0100P.do?tracseId=ACG20233000905299&tracseTme=230&crseTracseSe=C0031&trainstCstmrId=500020050628#undefined,온라인,근로자,20010601
117,2,프로그래밍 언어 R 기초부터 탄탄하게!,20240318,20240416,217500,21750,https://www.hrd.go.kr/hrdp/co/pcobo/PCOBO0100P.do?tracseId=AIG20220000409534&tracseTme=82&crseTracseSe=C0105&trainstCstmrId=500020046229#undefined,온라인,구직자,20010202
118,5,프로덕트 매니저(PM) 부트캠프,20240311,20240927,10648000,0,https://www.hrd.go.kr/hrdp/co/pcobo/PCOBO0100P.do?tracseId=AIG20220000409391&tracseTme=5&crseTracseSe=C0061&trainstCstmrId=500033945638#undefined,오프라인,구직자,20010104
119,22,프로젝트에 비주얼 더하기,20240311,20240410,50490,27770,https://www.hrd.go.kr/hrdp/co/pcobo/PCOBO0100P.do?tracseId=ACG20233000937571&tracseTme=139&crseTracseSe=C0031&trainstCstmrId=500020021711#undefined,온라인,근로자,20010401
120,27,프론트엔드 개발의 시작 뷰JS(Vue.JS),20240316,20240427,258180,116190,https://www.hrd.go.kr/hrdp/co/pcobo/PCOBO0100P.do?tracseId=AIG20220000401784&tracseTme=5&crseTracseSe=C0061&trainstCstmrId=500020044990#undefined,오프라인,재직자,20010202
121,7,한번에 따라잡는 4차산업 디지털 융합의 이해,20240311,20240409,92070,32230,https://www.hrd.go.kr/hrdp/co/pcobo/PCOBO0100P.do?tracseId=ACG20233000905336&tracseTme=230&crseTracseSe=C0031&trainstCstmrId=500020050628#undefined,온라인,근로자,20010102
122,22,"해킹과 침투의 시대, 보안을 배우다",20240311,20240410,92070,32230,https://www.hrd.go.kr/hrdp/co/pcobo/PCOBO0100P.do?tracseId=ACG20233000948669&tracseTme=101&crseTracseSe=C0031&trainstCstmrId=500020021711#undefined,온라인,근로자,20010601
122,12,"해킹과 침투의 시대, 보안을 배우다",20240313,20240411,92070,32230,https://www.hrd.go.kr/hrdp/co/pcobo/PCOBO0100P.do?tracseId=ACG20233000919338&tracseTme=293&crseTracseSe=C0031&trainstCstmrId=500034225481#undefined,온라인,근로자,20010601
122,14,"해킹과 침투의 시대, 보안을 배우다",20240318,20240416,92070,32230,https://www.hrd.go.kr/hrdp/co/pcobo/PCOBO0100P.do?tracseId=ACG20233000965004&tracseTme=110&crseTracseSe=C0031&trainstCstmrId=500020034527#undefined,온라인,근로자,20010601
122,12,"해킹과 침투의 시대, 보안을 배우다",20240316,20240414,92070,32230,https://www.hrd.go.kr/hrdp/co/pcobo/PCOBO0100P.do?tracseId=ACG20233000919338&tracseTme=296&crseTracseSe=C0031&trainstCstmrId=500034225481#undefined,온라인,근로자,20010601
123,14,"혁신의 시대, 인공지능 서비스로 미래의 중심에 서다!",20240312,20240410,92070,50640,https://www.hrd.go.kr/hrdp/co/pcobo/PCOBO0100P.do?tracseId=ACG20233000919343&tracseTme=292&crseTracseSe=C0031&trainstCstmrId=500034225481#undefined,온라인,근로자,20010702
123,7,"혁신의 시대, 인공지능 서비스로 미래의 중심에 서다!",20240311,20240409,129580,71270,https://www.hrd.go.kr/hrdp/co/pcobo/PCOBO0100P.do?tracseId=ACG20233000905305&tracseTme=227&crseTracseSe=C0031&trainstCstmrId=500020050628#undefined,온라인,근로자,20010702
123,14,"혁신의 시대, 인공지능 서비스로 미래의 중심에 서다!",20240318,20240416,92070,50640,https://www.hrd.go.kr/hrdp/co/pcobo/PCOBO0100P.do?tracseId=ACG20233000965000&tracseTme=110&crseTracseSe=C0031&trainstCstmrId=500020034527#undefined,온라인,근로자,20010702
124,22,회사를 살리는 유튜브&인스타그램 소셜미디어 마케팅,20240311,20240410,92070,50640,https://www.hrd.go.kr/hrdp/co/pcobo/PCOBO0100P.do?tracseId=ACG20243000986417&tracseTme=6&crseTracseSe=C0031&trainstCstmrId=500020021711#undefined,온라인,근로자,20030306
125,6,AI 인공지능컨택센터(AICC) 웹서비스개발,20240311,20240909,12210000,0,https://www.hrd.go.kr/hrdp/co/pcobo/PCOBO0100P.do?tracseId=AIG20230000455630&tracseTme=4&crseTracseSe=C0061&trainstCstmrId=500020059024#undefined,오프라인,구직자,20010705
126,24,"AI기반 스마트융합(JAVA, PYTHON) 풀스택 개발자 양성",20240311,20240829,9287460,0,https://www.hrd.go.kr/hrdp/co/pcobo/PCOBO0100P.do?tracseId=AIG20230000455673&tracseTme=3&crseTracseSe=C0061&trainstCstmrId=500020041918#undefined,오프라인,구직자,20010202
127,22,AItopia - 인공지능이 만들어갈 세상,20240311,20240410,62370,34310,https://www.hrd.go.kr/hrdp/co/pcobo/PCOBO0100P.do?tracseId=ACG20233000937575&tracseTme=139&crseTracseSe=C0031&trainstCstmrId=500020021711#undefined,온라인,근로자,20010701
128,7,Change Tomorrow! 4차산업기술 BIG5!,20240311,20240409,87780,30730,https://www.hrd.go.kr/hrdp/co/pcobo/PCOBO0100P.do?tracseId=ACG20233000911705&tracseTme=220&crseTracseSe=C0031&trainstCstmrId=500020050628#undefined,온라인,근로자,20010102
129,21,Django/React 활용 풀스택 완전정복,20240313,20240411,358160,35820,https://www.hrd.go.kr/hrdp/co/pcobo/PCOBO0100P.do?tracseId=AIG20220000409543&tracseTme=379&crseTracseSe=C0105&trainstCstmrId=500020055611#undefined,온라인,구직자,20010202
130,22,Git & Github 실무 활용,20240311,20240410,62370,28070,https://www.hrd.go.kr/hrdp/co/pcobo/PCOBO0100P.do?tracseId=ACG20233000914597&tracseTme=214&crseTracseSe=C0031&trainstCstmrId=500020021711#undefined,온라인,근로자,20010201
131,29,HTML5 & CSS3 웹표준_36시간,20240311,20240412,238320,107250,https://www.hrd.go.kr/hrdp/co/pcobo/PCOBO0100P.do?tracseId=AIG20230000420119&tracseTme=1&crseTracseSe=C0061&trainstCstmrId=500020046871#undefined,오프라인,재직자,20010202
132,14,HTML5 & JavaScript,20240318,20240416,59400,26730,https://www.hrd.go.kr/hrdp/co/pcobo/PCOBO0100P.do?tracseId=ACG20233000937693&tracseTme=222&crseTracseSe=C0031&trainstCstmrId=500020034527#undefined,온라인,근로자,20010202
133,2,IEQ인터넷윤리지도사 자격 취득하기,20240318,20240417,62370,21830,https://www.hrd.go.kr/hrdp/co/pcobo/PCOBO0100P.do?tracseId=ACG20233000946863&tracseTme=26&crseTracseSe=C0031&trainstCstmrId=500020046229#undefined,온라인,근로자,20010601
134,25,IOS 앱 제작 SWIFT프로그래밍 입문,20240311,20240425,397200,178740,https://www.hrd.go.kr/hrdp/co/pcobo/PCOBO0100P.do?tracseId=AIG20220000388113&tracseTme=7&crseTracseSe=C0061&trainstCstmrId=500020028586#undefined,오프라인,재직자,20010202
135,22,"IoT시대, 스마트한 미래를 만드는 사물인터넷",20240311,20240410,59400,20790,https://www.hrd.go.kr/hrdp/co/pcobo/PCOBO0100P.do?tracseId=ACG20233000949352&tracseTme=104&crseTracseSe=C0031&trainstCstmrId=500020021711#undefined,온라인,근로자,20010106
136,4,JAVA와 AI/RPA/빅데이터를 활용한 E-커머스개발자 양성 취업과정,20240311,20240902,9097920,0,https://www.hrd.go.kr/hrdp/co/pcobo/PCOBO0100P.do?tracseId=AIG20220000366827&tracseTme=8&crseTracseSe=C0061&trainstCstmrId=500020013370#undefined,오프라인,구직자,20010202
137,23,New Virtual Digital! 메타버스 응용 가이드,20240313,20240412,62370,21830,https://www.hrd.go.kr/hrdp/co/pcobo/PCOBO0100P.do?tracseId=ACG20233000922996&tracseTme=123&crseTracseSe=C0031&trainstCstmrId=500020035790#undefined,온라인,근로자,20010102
138,12,NFT 만들며 배우는 블록체인과 웹3 기초,20240313,20240411,62370,21830,https://www.hrd.go.kr/hrdp/co/pcobo/PCOBO0100P.do?tracseId=ACG20233000943748&tracseTme=177&crseTracseSe=C0031&trainstCstmrId=500034225481#undefined,온라인,근로자,20010103
138,12,NFT 만들며 배우는 블록체인과 웹3 기초,20240316,20240414,62370,21830,https://www.hrd.go.kr/hrdp/co/pcobo/PCOBO0100P.do?tracseId=ACG20233000943748&tracseTme=180&crseTracseSe=C0031&trainstCstmrId=500034225481#undefined,온라인,근로자,20010103
139,23,Power BI를 활용한 시각화,20240313,20240412,65340,22870,https://www.hrd.go.kr/hrdp/co/pcobo/PCOBO0100P.do?tracseId=ACG20233000957758&tracseTme=46&crseTracseSe=C0031&trainstCstmrId=500020035790#undefined,온라인,근로자,20010105
140,32,Python 데이터 분석가의 시작! 넷플릭스 데이터 분석,20240325,20240503,99000,9900,https://www.hrd.go.kr/hrdp/co/pcobo/PCOBO0100P.do?tracseId=AIG20230000455812&tracseTme=5&crseTracseSe=C0105&trainstCstmrId=500038398274#undefined,온라인,구직자,20010105
141,22,Python을 활용한 빅데이터 분석과 시각화,20240311,20240410,71060,24880,https://www.hrd.go.kr/hrdp/co/pcobo/PCOBO0100P.do?tracseId=ACG20233000923969&tracseTme=150&crseTracseSe=C0031&trainstCstmrId=500020021711#undefined,온라인,근로자,20010105
142,22,R을 활용한 빅데이터 및 통계분석,20240311,20240410,104500,36580,https://www.hrd.go.kr/hrdp/co/pcobo/PCOBO0100P.do?tracseId=ACG20233000923973&tracseTme=150&crseTracseSe=C0031&trainstCstmrId=500020021711#undefined,온라인,근로자,20010105
142,12,R을 활용한 빅데이터 및 통계분석,20240316,20240414,74250,25990,https://www.hrd.go.kr/hrdp/co/pcobo/PCOBO0100P.do?tracseId=ACG20233000943766&tracseTme=180&crseTracseSe=C0031&trainstCstmrId=500034225481#undefined,온라인,근로자,20010105